{"items":[{"type":255,"name":"test1","property":"{\"path\":[{\"lng\":\"E120°6'13.72\\\"\",\"lat\":\"N30°20'59.17\\\"\",\"name\":\"test11\"},{\"lng\":\"E120°7'23.55\\\"\",\"lat\":\"N30°19'13.56\\\"\",\"name\":\"test12\"},{\"lng\":\"E120°6'20.52\\\"\",\"lat\":\"N30°18'1.00\\\"\",\"name\":\"test13\"},{\"lng\":\"E120°4'48.44\\\"\",\"lat\":\"N30°19'38.63\\\"\",\"name\":\"test14\"}]}"},{"type":0,"name":"point2","property":"{\"path\":[{\"lng\":\"E120°6'55.18\\\"\",\"lat\":\"N30°19'3.42\\\"\",\"name\":\"杭州市拱墅区乐乐小吃（周家浜）\"}]}"},{"type":0,"name":"point3","property":"{\"path\":[{\"lng\":\"E120°7'52.65\\\"\",\"lat\":\"N30°21'24.23\\\"\",\"name\":\"余杭区古运河路12\"}]}"},{"type":253,"name":"圆001","property":"{\"radius\":\"2950\",\"path\":[{\"lng\":\"E120°12'21.47\\\"\",\"lat\":\"N30°19'7.16\\\"\",\"name\":\"杭州市下城区长城街\"}]}"},{"type":253,"name":"圆002","property":"{\"radius\":\"5050\",\"path\":[{\"lng\":\"E120°8'28.50\\\"\",\"lat\":\"N30°16'38.83\\\"\",\"name\":\"文三路电子信息街区文三路169号-181号\"}]}"},{"type":255,"name":"test123","property":"{\"path\":[{\"lng\":\"E104°17'5.90\\\"\",\"lat\":\"N30°40'24.07\\\"\",\"name\":\"成都市龙泉驿区Y016\"},{\"lng\":\"E104°24'45.68\\\"\",\"lat\":\"N30°38'29.24\\\"\",\"name\":\"成都市龙泉驿区\"},{\"lng\":\"E104°21'13.10\\\"\",\"lat\":\"N30°34'13.94\\\"\",\"name\":\"543\"},{\"lng\":\"E104°16'32.64\\\"\",\"lat\":\"N30°35'22.04\\\"\",\"name\":\"123\"}]}"},{"type":255,"name":"test123","property":"{\"path\":[{\"lng\":\"E119°58'13.73\\\"\",\"lat\":\"N30°17'18.32\\\"\",\"name\":\"杭州市余杭区207省道\"},{\"lng\":\"E120°0'13.62\\\"\",\"lat\":\"N30°17'23.12\\\"\",\"name\":\"杭州市余杭区良睦路\"},{\"lng\":\"E120°0'39.57\\\"\",\"lat\":\"N30°16'0.93\\\"\",\"name\":\"杭州市余杭区良睦路\"},{\"lng\":\"E119°59'42.72\\\"\",\"lat\":\"N30°14'43.00\\\"\",\"name\":\"杭州市余杭区王家畈路\"},{\"lng\":\"E119°58'4.46\\\"\",\"lat\":\"N30°15'0.08\\\"\",\"name\":\"杭州市余杭区上仓路\"},{\"lng\":\"E119°57'5.13\\\"\",\"lat\":\"N30°16'18.54\\\"\",\"name\":\"余杭区狮山路570号-682号\"}]}"},{"type":254,"name":"hangxian123","property":"{\"path\":[{\"lng\":\"E119°58'37.21\\\"\",\"lat\":\"N30°17'25.25\\\"\",\"name\":\"杭州市余杭区东西大道\"},{\"lng\":\"E120°0'37.10\\\"\",\"lat\":\"N30°15'40.65\\\"\",\"name\":\"余杭区和老线22\"},{\"lng\":\"E119°59'9.35\\\"\",\"lat\":\"N30°14'52.61\\\"\",\"name\":\"余杭区上和路8\"},{\"lng\":\"E120°1'9.85\\\"\",\"lat\":\"N30°14'32.85\\\"\",\"name\":\"杭州市余杭区高教路\"}]}"},{"type":252,"name":"wangfan123","property":"{\"path\":[{\"lng\":\"E119°58'30.42\\\"\",\"lat\":\"N30°17'33.79\\\"\",\"name\":\"杭州市余杭区S207\"},{\"lng\":\"E119°59'34.07\\\"\",\"lat\":\"N30°17'33.79\\\"\",\"name\":\"杭州市余杭区良仓线\"},{\"lng\":\"E119°58'21.15\\\"\",\"lat\":\"N30°16'39.89\\\"\",\"name\":\"杭州市余杭区010县道\"},{\"lng\":\"E120°0'12.38\\\"\",\"lat\":\"N30°16'38.83\\\"\",\"name\":\"杭州市余杭区水城北路\"},{\"lng\":\"E119°58'26.09\\\"\",\"lat\":\"N30°16'5.20\\\"\",\"name\":\"杭州市余杭区X202\"},{\"lng\":\"E119°59'58.79\\\"\",\"lat\":\"N30°16'0.40\\\"\",\"name\":\"杭州市余杭区古圩渠路\"}]}"},{"type":255,"name":"无通航公司","property":"{\"path\":[{\"lng\":\"E104°11'49.75\\\"\",\"lat\":\"N30°34'37.35\\\"\",\"name\":\"龙泉驿区龙城大道7\"},{\"lng\":\"E104°13'23.06\\\"\",\"lat\":\"N30°34'53.31\\\"\",\"name\":\"龙泉驿区北川路209\"},{\"lng\":\"E104°13'29.24\\\"\",\"lat\":\"N30°33'28.18\\\"\",\"name\":\"成都市龙泉驿区长春路\"},{\"lng\":\"E104°11'39.24\\\"\",\"lat\":\"N30°33'3.70\\\"\",\"name\":\"龙泉驿区经开区南二路518\"}]}"},{"type":253,"name":"测试更新名称","property":"{\"path\":[{\"lng\":\"E104°12'26.21\\\"\",\"lat\":\"N30°35'22.57\\\"\",\"name\":\"成都市龙泉驿区1\"}]}"},{"type":252,"name":"魂牵梦萦","property":"{\"path\":[{\"lng\":\"E104°25'32.18\\\"\",\"lat\":\"N30°43'31.12\\\"\",\"name\":\"成都市青白江区\"},{\"lng\":\"E104°7'34.43\\\"\",\"lat\":\"N30°27'37.84\\\"\",\"name\":\"成都市双流县万开路\"},{\"lng\":\"E103°47'28.13\\\"\",\"lat\":\"N30°33'27.11\\\"\",\"name\":\"成都市崇州市\"},{\"lng\":\"E103°47'28.13\\\"\",\"lat\":\"N30°53'42.56\\\"\",\"name\":\"成都市郫县Y027\"}]}"},{"type":254,"name":"line-test-hwj01","property":"{\"path\":[{\"lng\":\"E120°35'25.\\\"\",\"lat\":\"N31°10'00.00\\\"\",\"name\":\"苏州起降点\"},{\"lng\":\"E120°40'30.00\\\"\",\"lat\":\"N30°50'00.00\\\"\",\"name\":\"嘉兴起降点\"},{\"lng\":\"E120°2'0.09\\\"\",\"lat\":\"N30°50'40.00\\\"\",\"name\":\"湖州安吉起降点\"}]}"},{"type":0,"name":"abc","property":"{\"path\":[{\"lng\":\"E104°13'0.82\\\"\",\"lat\":\"N30°34'54.91\\\"\",\"name\":\"成都市龙泉驿区车城大道\"}]}"},{"type":255,"name":"werertert","property":"{\"path\":[{\"lng\":\"E104°12'28.80\\\"\",\"lat\":\"N30°34'22.45\\\"\",\"name\":\"成都市龙泉驿区青台山路\"},{\"lng\":\"E104°13'52.84\\\"\",\"lat\":\"N30°33'19.13\\\"\",\"name\":\"龙泉驿区龙工南路888\"},{\"lng\":\"E104°14'4.58\\\"\",\"lat\":\"N30°34'20.85\\\"\",\"name\":\"龙泉驿区北泉路851\"}]}"},{"type":0,"name":"李的起降点","property":"{\"path\":[{\"lng\":\"E104°12'38.07\\\"\",\"lat\":\"N30°33'15.94\\\"\",\"name\":\"成都市龙泉驿区成龙大道\"}]}"},{"type":253,"name":"昆明海埂公园","property":"{\"radius\":\"20000\",\"path\":[{\"lng\":\"E100°08'49\\\"\",\"lat\":\"N25°42'32\\\"\",\"name\":\"昆明市呈贡区X028\"}]}"},{"type":255,"name":"sgfdsg","property":"{\"path\":[{\"lng\":\"E104°11'8.84\\\"\",\"lat\":\"N30°35'14.59\\\"\",\"name\":\"龙泉驿区龙锦街154号\"},{\"lng\":\"E104°14'14.23\\\"\",\"lat\":\"N30°34'15.00\\\"\",\"name\":\"成都市龙泉驿区玉龙街\"},{\"lng\":\"E104°14'28.44\\\"\",\"lat\":\"N30°32'52.52\\\"\",\"name\":\"龙泉驿区白家路399\"}]}"},{"type":0,"name":"test1","property":"{\"path\":[{\"lng\":\"E105°5'53.29\\\"\",\"lat\":\"N30°33'32.96\\\"\",\"name\":\"成都市双流县中柏大道\"}]}"}],"err":0}